username,first_name,last_name,email,,,,Admin,Host,Guest
huVoQ9j2Ic,Jaime,Sullivan,aracne@icloud.com,,,,1,,
pmII7rcXbx,Harold,Alexander,padme@outlook.com,,,,1,,
Zed0zcbv1V,Alyssa,Hodges,portele@me.com,,,,1,,
eFa8pjB7em,Tonya,Knight,msusa@aol.com,,,,1,,
ig8BUqxRsa,Rachael,Campbell,treit@icloud.com,,,,,1,
Ao35FYcO4K,Harriet,Townsend,syncnine@msn.com,,,,,1,
3r3zysy6Eb,Todd,Shelton,jonas@mac.com,,,,,1,
GT0YxJno08,Faye,Bates,pkplex@gmail.com,,,,,1,
LJlQrH5bAd,Ellis,Medina,madler@aol.com,,,,,1,
Ajb2MuyU4x,Kirk,Lynch,dgatwood@me.com,,,,,1,
h5e2fHND3k,Daryl,Briggs,henkp@msn.com,,,,,1,
OktS7DnM98,Jonathan,Lowe,ngedmond@comcast.net,,,,,1,
yhwc9rK8L6,Rosemarie,Kelley,inico@msn.com,,,,,1,
4uGooNRc4b,Miriam,Gill,sjmuir@sbcglobal.net,,,,,1,
j3BOg3p0aO,Tamara,Stevenson,jfmulder@msn.com,,,,,1,
WWZwDEm11U,Julia,Curtis,jaxweb@sbcglobal.net,,,,,1,
oaAEgeYSbt,Nina,Welch,trygstad@sbcglobal.net,,,,,,1
UNHNzWSlZG,Jonathan,Reeves,tbmaddux@optonline.net,,,,,,1
OKfX81pQ57,Steve,Cook,gavollink@msn.com,,,,,,1
QtnrygIIt6,Warren,Glover,enintend@yahoo.ca,,,,,,1
